id,name
41733,Due Date
80278,The Impossible
455207,Crazy Rich Asians
75674,Act of Valor
328111,The Secret Life of Pets
109091,The Counselor
27205,Inception
55292,Shaolin
48311,Parasite
27581,The Other Guys
265195,Wild Tales
63701,Sing
602223,The Forever Purge
44040,Devil
109443,Anchorman 2: The Legend Continues
294254,Maze Runner: The Scorch Trials
109424,Captain Phillips
406563,Insidious: The Last Key
535544,Downton Abbey
453405,Gemini Man
326423,Barbershop: The Next Cut
747188,Asteroid City
291870,Dirty Grandpa
69668,Dream House
315465,The Boy and the Beast
455714,Bad Genius
397422,Rough Night
284293,Still Alice
69828,Breaking In
115782,Jobs
267860,London Has Fallen
284053,Thor: Ragnarok
76170,The Wolverine
524434,Eternals
31906,The Beguiled
137116,Smurfs: The Lost Village
122081,Spring Breakers
109815,The Invitation
120467,The Grand Budapest Hotel
42888,How Do You Know
87567,The Big Wedding
37735,Easy A
594767,Shazam! Fury of the Gods
109439,The Hangover Part III
44865,The Grandmaster
44214,Black Swan
508935,The Eight Hundred
522212,Just Mercy
34043,On the Line
168530,Ride Along
52560,Book of Love
823482,Dream Scenario
316029,The Greatest Showman
804150,Cocaine Bear
227714,Alpha
222936,Aloha
70160,The Hunger Games
58987,Lockout
25195,Leap Year
192102,3 Days to Kill
676710,The Amazing Maurice
479455,Men in Black: International
178509,Stillwater
616037,Thor: Love and Thunder
229297,Magic in the Moonlight
5770,The Glass Castle
40047,Elvis
10326,Forever Young
39254,Real Steel
81005,Jack the Giant Slayer
68718,Django Unchained
501979,Bill & Ted Face the Music
454294,The Kid Who Would Be King
263341,"Crouching Tiger, Hidden Dragon: Sword of Destiny"
27573,The Bounty Hunter
74534,The Best Exotic Marigold Hotel
75656,Now You See Me
145135,Dark Skies
39172,After
95385,Beast
71688,The Iron Lady
389015,"I, Tonya"
62947,The Witch
42264,Smile
426543,The Nutcracker and the Four Realms
744275,After We Fell
87093,Big Eyes
107846,Escape Plan
293660,Deadpool
257091,Get Hard
1865,Pirates of the Caribbean: On Stranger Tides
254470,Pitch Perfect 2
339403,Baby Driver
445651,The Darkest Minds
227719,Project Almanac
480530,Creed II
580175,Another Round
566927,Impractical Jokers: The Movie
945729,A Haunting in Venice
22487,Nobody
436270,Black Adam
38323,Mama
22907,Takers
107543,Carol
639933,The Northman
30362,Dog
48289,The Debt
20811,The Master
373571,Godzilla: King of the Monsters
157849,A Most Wanted Man
184342,The Lazarus Effect
626872,Emergency Declaration
260513,Incredibles 2
18410,Project X
837881,She Said
82505,House at the End of the Street
207622,Southpaw
101299,The Hunger Games: Catching Fire
6473,The Marksman
700391,65
71469,The Darkest Hour
37799,The Social Network
30674,The Last Stand
264660,Ex Machina
51052,Arthur Christmas
11495,Firestarter
247620,Arrival
10841,Breakthrough
438650,Cold Pursuit
415842,American Assassin
65066,Going in Style
81912,Belle
333371,10 Cloverfield Lane
11034,The Great Gatsby
27539,The Star
31777,Morning Glory
281338,War for the Planet of the Apes
1551,Flatliners
466622,The Rhythm Section
43601,Bombshell
59965,Abduction
119450,Dawn of the Planet of the Apes
34016,She's Out of My League
34168,Uncharted
4766,The House
470878,I Can Only Imagine
576845,Last Night in Soho
254128,San Andreas
287903,Krampus
39641,Adrift
674804,Bottoms
44912,Green Lantern
48615,Devotion
412117,The Secret Life of Pets 2
316023,Mike and Dave Need Wedding Dates
27579,The American
678512,Sound of Freedom
17639,Silent Night
50014,The Help
68734,Argo
75780,Jack Reacher
666277,Past Lives
438327,Last Christmas
11976,Legend
729854,Concrete Utopia
1056360,American Fiction
52011,13 Assassins
72105,Ted
10166,The Witches
324552,John Wick: Chapter 2
513692,Raging Fire
50321,Mars Needs Moms
39513,Paul
116711,Epic
100402,Captain America: The Winter Soldier
370172,No Time to Die
396422,Annabelle: Creation
384018,Fast & Furious Presents: Hobbs & Shaw
491625,Gully Boy
152229,The Best of Me
559907,The Green Knight
549514,Fatale
416234,Winchester
370567,Sherlock Gnomes
41646,Good Boys
529203,The Croods: A New Age
130627,Get Out
19114,Endless Love
18192,Focus
347375,Mile 22
38322,"Big Mommas: Like Father, Like Son"
571384,Come Play
239,Some Like It Hot
78357,Love Again
151960,Planes
59967,Looper
332567,The Shallows
204082,Homefront
109410,42
482321,Ron's Gone Wrong
242582,Nightcrawler
271706,Big Fish & Begonia
12444,Harry Potter and the Deathly Hallows: Part 1
93856,Chernobyl Diaries
43347,Love & Other Drugs
123553,The Mortal Instruments: City of Bones
77953,The Campaign
193796,Elemental
129507,Joker
38117,Beastly
65057,The Descendants
68721,Iron Man 3
149291,The Finest Hours
505192,Shoplifters
312221,Creed
194290,The Medium
174077,Us
718789,Lightyear
60243,A Separation
160808,Tunnel
915935,Anatomy of a Fall
274857,King Arthur: Legend of the Sword
520900,The Personal History of David Copperfield
366672,Paws of Fury: The Legend of Hank
273895,Selma
49175,Inside Out
343611,Jack Reacher: Never Go Back
340666,Nocturnal Animals
966,The Magnificent Seven
20352,Despicable Me
205775,In the Heart of the Sea
116149,Paddington
42911,Skyscraper
290595,The Huntsman: Winter's War
19403,The Mechanic
127560,The Railway Man
205220,Philomena
72213,Courageous
363579,The Age of Shadows
58402,The Boss
14252,Vice
300668,Annihilation
169347,Detroit
109418,Grown Ups 2
290512,The Mountain Between Us
71381,The Heat
59108,Tower Heist
453127,Midnight Runners
337170,American Made
10431,War
238636,The Purge: Anarchy
15475,Ferrari
460555,Operation Red Sea
74643,The Artist
369972,First Man
682507,Where the Crawdads Sing
447365,Guardians of the Galaxy Vol. 3
41436,Paranormal Activity 2
41515,Yogi Bear
159164,Dilwale
627290,Antebellum
1072790,Anyone But You
23514,The Rum Diary
379686,Space Jam: A New Legacy
260514,Cars 3
436969,The Suicide Squad
614930,Teenage Mutant Ninja Turtles: Mutant Mayhem
86838,Seven Psychopaths
11236,The Secret Garden
609,Poltergeist
442249,The First Purge
425134,How to Be a Latin Lover
68735,Warcraft
484247,A Simple Favor
134374,Pain & Gain
82992,Fast & Furious 6
89492,This Is 40
49049,Dredd
199825,Nerve
157549,Sultan
614696,#Alive
188161,A Million Ways to Die in the West
17907,The Raven
631842,Knock at the Cabin
37786,Sex and the City 2
45958,Biutiful
72570,The Vow
218836,Planes: Fire & Rescue
77016,End of Watch
160588,Blue Jasmine
43539,The Next Three Days
83666,Moonrise Kingdom
249822,The Iron Claw
620,Ghostbusters
649609,Renfield
170657,Journey to the West: Conquering the Demons
476968,"Paul, Apostle of Christ"
482373,Don't Breathe 2
286565,Paper Towns
399035,The Commuter
106646,The Wolf of Wall Street
613504,After We Collided
18955,Coco
76163,The Expendables 2
400160,The SpongeBob Movie: Sponge on the Run
302688,My Big Fat Greek Wedding 2
261392,American Ultra
198184,Chappie
236751,Heaven Is for Real
293670,The Wailing
420809,Maleficent: Mistress of Evil
77363,The Photograph
283995,Guardians of the Galaxy Vol. 2
269149,Zootopia
50456,Hanna
16094,House Party
14830,Doctor Strange
22327,Youth in Revolt
321697,Steve Jobs
28345,Heidi
62206,30 Minutes or Less
27441,Countdown
36332,Dark Waters
475215,Mirai
46529,I Am Number Four
22971,Dear John
49009,The Way Back
698508,Redeeming Love
218877,Thanksgiving
190859,American Sniper
296524,Deepwater Horizon
24645,The Turning
338967,Zombieland: Double Tap
899112,Violent Night
112949,Safe Haven
157353,Transcendence
94348,Alex Cross
948,Halloween
348678,A Man Called Ove
470044,The Hate U Give
112336,Hitchcock
406990,What Happened to Monday
138843,The Conjuring
592900,Sisu
39538,Contagion
6186,The Father
249660,God's Not Dead
388399,Patriots Day
449563,Isn't It Romantic
72976,Lincoln
50718,One Day
82703,Mr. Peabody & Sherman
361743,Top Gun: Maverick
519010,Pain and Glory
87506,Pan
57431,The Sitter
44120,The Boy Next Door
300671,13 Hours: The Secret Soldiers of Benghazi
461476,Plane
14805,Bait
1008392,The Blackening
42272,The Watch
42684,Skyline
522478,Peter Rabbit 2: The Runaway
62838,New Year's Eve
200505,Draft Day
343668,Kingsman: The Golden Circle
16022,Nine Lives
10140,The Chronicles of Narnia: The Voyage of the Dawn Treader
26150,Champions
84365,Whiplash
466420,Killers of the Flower Moon
10521,Bride Wars
158015,The Purge
39691,Cats & Dogs: The Revenge of Kitty Galore
109431,Identity Thief
41630,No Strings Attached
454992,The Spy Who Dumped Me
400650,Mary Poppins Returns
330459,Rogue One: A Star Wars Story
336821,Hostiles
387321,Tom & Jerry
1487,Hellboy
126889,Alien: Covenant
475303,A Rainy Day in New York
37135,Tarzan
27578,The Expendables
18467,Spiral
13665,Arthur
69530,Moonlight
49021,Killer Elite
27728,Red Riding Hood
509730,The Queen's Corgi
110415,Snowpiercer
19423,Going the Distance
422803,A Shaun the Sheep Movie: Farmageddon
10585,Child's Play
328589,The Lady in the Van
662106,Cobweb
572802,Aquaman and the Lost Kingdom
270946,Penguins of Madagascar
49050,Oblivion
19083,Strays
44484,Truth or Dare
71443,The Hustle
635910,The Last Voyage of the Demeter
290250,The Nice Guys
615656,Meg 2: The Trench
10196,The Last Airbender
38966,The Night Before
513045,Stuber
65759,Happy Feet Two
603692,John Wick: Chapter 4
1001811,My Big Fat Greek Wedding 3
138103,The Expendables 3
777270,Belfast
51162,Winnie the Pooh
215211,Grace of Monaco
79896,The Revenant
218043,Left Behind
69917,Room
23047,Season of the Witch
414906,The Batman
9387,Conan the Barbarian
14929,Mother's Day
807172,The Exorcist: Believer
49017,Dracula Untold
412988,The Happytime Murders
48231,A Dangerous Method
480414,The Curse of La Llorona
82650,Diary of a Wimpy Kid: Dog Days
341174,Fifty Shades Darker
45243,The Hangover Part II
42297,Burlesque
713704,Evil Dead Rise
38778,Dinner for Schmucks
542224,Gretel & Hansel
11422,Midway
48129,Run
13477,When in Rome
614939,Bros
369885,Allied
173897,Resident Evil: The Final Chapter
667538,Transformers: Rise of the Beasts
419680,Daddy's Home 2
610150,Dragon Ball Super: Super Hero
39781,The Kids Are All Right
37950,Charlie St. Cloud
497828,Triangle of Sadness
513434,One Cut of the Dead
940721,Godzilla Minus One
539963,Mummies
25400,My Little Pony: The Movie
180863,T2 Trainspotting
381719,Peter Rabbit
318917,Look Who's Back
71676,Ghost Rider: Spirit of Vengeance
146301,Paranormal Activity: The Ghost Dimension
48340,Sanctum
91586,Insidious: Chapter 2
10193,Toy Story 3
81188,Rise of the Guardians
582014,Promising Young Woman
87502,Flight
156022,The Equalizer
54118,Night School
718930,Bullet Train
30341,Villain
425909,Ghostbusters: Afterlife
268531,Captain Underpants: The First Epic Movie
762504,Nope
596161,Let Him Go
85446,Step Up Revolution
375645,The Bad Guys
57212,War Horse
440597,Wish Upon
9727,End Game
951491,Saw X
7182,Venom
266856,The Theory of Everything
49849,Cowboys & Aliens
338953,Fantastic Beasts: The Secrets of Dumbledore
49470,Home
1255,The Host
518764,Animal World
257445,Goosebumps
79,Hero
23048,Hot Tub Time Machine
290859,Terminator: Dark Fate
38055,Megamind
262841,Monster Trucks
114150,Pitch Perfect
371638,The Disaster Artist
581032,News of the World
445571,Game Night
48511,The Courier
137113,Edge of Tomorrow
11886,Robin Hood
508947,Turning Red
290751,Secret in Their Eyes
724495,The Woman King
464052,Wonder Woman 1984
37984,Eye in the Sky
76338,Thor: The Dark World
369883,Middle School: The Worst Years of My Life
353486,Jumanji: Welcome to the Jungle
536743,Queen & Slim
396535,Train to Busan
2907,The Addams Family
228066,Victor Frankenstein
23522,The Book of Life
68861,Hustlers
28171,Kandahar
398818,Call Me by Your Name
211785,The Captain
10192,Shrek Forever After
38317,Zookeeper
55721,Bridesmaids
345887,The Equalizer 2
48722,The Dictator
339846,Baywatch
527774,Raya and the Last Dragon
624860,The Matrix Resurrections
146304,The Best Man Holiday
9325,The Jungle Book
13898,The Circle
103731,Mud
758323,The Pope's Exorcist
71880,Jack and Jill
512196,Happy Death Day 2U
77880,The Whale
139588,Barbie
555974,Brahms: The Boy II
232679,When the Game Stands Tall
391713,Lady Bird
52449,Bad Teacher
25946,Brave
57082,Babylon
581734,Nomadland
43959,Soul Surfer
505642,Black Panther: Wakanda Forever
32646,Safe
512200,Jumanji: The Next Level
128246,A Werewolf Boy
249164,If I Stay
812,Aladdin
531309,Brightburn
138832,We're the Millers
258489,The Legend of Tarzan
957457,Moonage Daydream
438466,Us and Them
58233,Johnny English Reborn
33914,Frankenweenie
20388,The Intruder
10195,Thor
49950,The Roommate
581528,"The Gangster, the Cop, the Devil"
150117,I Give It a Year
334541,Manchester by the Sea
218778,"Alexander and the Terrible, Horrible, No Good, Very Bad Day"
363676,Sully
251877,Luca
637649,Wrath of Man
315011,Shin Godzilla
547565,The Night House
631843,Old
15359,Wonder Woman
446791,All the Money in the World
269248,Judy
41513,The Smurfs
614479,Insidious: The Red Door
12445,Harry Potter and the Deathly Hallows: Part 2
49051,The Hobbit: An Unexpected Journey
47327,Drive Angry
505600,Booksmart
428078,Mortal Engines
10674,Mulan
467909,In the Heights
615643,Minari
493922,Hereditary
942922,80 for Brady
50357,Apollo 18
80274,Ender's Game
210860,Mortdecai
51497,Fast Five
193756,Lone Survivor
55009,Mayday
97365,Rust and Bone
211954,Instructions Not Included
274855,Geostorm
315664,Florence Foster Jenkins
243461,Ambulance
11114,Pete's Dragon
59440,Warrior
140212,Confession of Murder
676547,Prey for the Devil
381284,Hidden Figures
46164,Retribution
58224,Mr. Popper's Penguins
34851,Predators
359008,The Roundup
76489,The Three Stooges
437068,A Taxi Driver
35236,Ready or Not
29425,The Crazies
13917,The King
399402,Hunter Killer
59861,Larry Crowne
49519,The Croods
263109,Shaun the Sheep Movie
377,A Nightmare on Elm Street
319888,Eddie the Eagle
222899,About Last Night
68728,Oz the Great and Powerful
64066,One Life
648,Beauty and the Beast
637,Life Is Beautiful
29485,Freelance
440021,Happy Death Day
340837,A Cure for Wellness
79316,Devil's Due
323272,War Room
567690,Dear Evan Hansen
454458,UglyDolls
40264,Vampires Suck
16182,The Woman in Black
45612,Source Code
93456,Despicable Me 2
185707,The Walk
175574,Free Birds
4327,Charlie's Angels
55343,Overlord
399170,Logan Lucky
365222,Ip Man 3
499701,Dora and the Lost City of Gold
354861,Father Figures
324852,Despicable Me 3
22538,Scott Pilgrim vs. the World
270487,"Hail, Caesar!"
41446,Scream 4
15433,The BFG
252838,The Wedding Ringer
438148,Minions: The Rise of Gru
371608,The Strangers: Prey at Night
442062,Goosebumps 2: Haunted Halloween
135397,Jurassic World
45269,The King's Speech
82283,It
921452,Jeanne du Barry
225565,That Awkward Moment
169917,A Walk Among the Tombstones
493623,Hichki
128079,Home Again
49026,The Dark Knight Rises
9738,Fantastic Four
49517,Tinker Tailor Soldier Spy
38700,Bad Boys for Life
2196,Death at a Funeral
744276,After Ever Happy
59860,Monte Carlo
520763,A Quiet Place Part II
77883,The Possession
296096,Me Before You
637693,Spirit Untamed
281576,Gifted
11224,Cinderella
10866,Joy Ride
49530,In Time
23631,Machete
26041,Frozen
15940,Beautiful Creatures
137916,Haunted Mansion
85196,The Forest
303858,Money Monster
198277,Begin Again
430040,The Hurricane Heist
401981,Red Sparrow
278924,Mechanic: Resurrection
138697,Don Jon
136984,The Duke
129670,Nebraska
268238,The Second Best Exotic Marigold Hotel
44789,The Gambler
40092,The Secret Life of Walter Mitty
87818,Movie 43
86841,Black Panther
283552,The Light Between Oceans
583406,Judas and the Black Messiah
62691,Midnight Sun
585216,Escape Room: Tournament of Champions
209263,Enough Said
277216,Straight Outta Compton
45772,Gnomeo & Juliet
292280,The Bye Bye Man
41368,The Rescue
19169,Nightmare Alley
1885,The Karate Kid
446894,Smallfoot
1498,Teenage Mutant Ninja Turtles
336843,Maze Runner: The Death Cure
157350,Divergent
459003,Mavka: The Forest Song
72358,A Thousand Words
98357,Broken City
345938,The Shack
107985,The World's End
517814,Capernaum
21365,Shadow
129295,The Boogeyman
295964,Burnt
384154,A Quiet Place
44826,Hugo
333348,Love the Coopers
530385,Midsommar
54138,Star Trek Into Darkness
282984,Irrational Man
23378,Into the Woods
7267,Nothing to Lose
58595,Snow White and the Huntsman
118340,Guardians of the Galaxy
10599,Pinocchio
423108,The Conjuring: The Devil Made Me Do It
840430,The Holdovers
44944,For Colored Girls
346910,The Predator
49524,R.I.P.D.
253235,And So It Goes
57703,Norwegian Wood
76600,Avatar: The Way of Water
457136,Mary Queen of Scots
982271,Book Club: The Next Chapter
575813,Better Days
238713,Spy
523172,Late Night
264999,Magic Mike XXL
271488,Malignant
52520,Underworld: Awakening
403119,47 Meters Down
49521,Man of Steel
66796,Wind River
39835,Youth
490132,Green Book
116741,The Internship
97367,The Place Beyond the Pines
675445,PAW Patrol: The Movie
22307,Sisters
76203,12 Years a Slave
376151,Greta
271714,Love & Mercy
304372,The Perfect Guy
23023,Tooth Fairy
533991,Stree
23520,Unstoppable
6522,Life
61791,Rise of the Planet of the Apes
480105,47 Meters Down: Uncaged
534780,Andhadhun
83389,From Up on Poppy Hill
27874,A Wrinkle in Time
335977,Indiana Jones and the Dial of Destiny
107488,Men
334685,Ma
348350,Solo: A Star Wars Story
22970,The Cabin in the Woods
256961,Paul Blart: Mall Cop 2
214756,Ted 2
63492,What's Your Number?
52541,Elysium
49018,Insidious
526019,Like a Boss
91926,Crawl
82990,Paranormal Activity 4
227348,Paranormal Activity: The Marked Ones
376659,Bad Moms
511322,The Good Liar
125604,Living
644712,Street Dancer 3D
318846,The Big Short
27638,Rio
239678,This Is Where I Leave You
551804,Freaky
42008,The Family
119283,Parker
35791,Resident Evil: Afterlife
32066,Anna Karenina
86829,Inside Llewyn Davis
146233,Prisoners
38757,Tangled
41210,The Switch
10011,Abominable
278154,Ice Age: Collision Course
76757,Jupiter Ascending
198185,Million Dollar Arm
156965,Concussion
456570,Hindi Medium
157547,Oculus
14564,Rings
24021,The Twilight Saga: Eclipse
39996,Contraband
259316,Fantastic Beasts and Where to Find Them
417870,Girls Trip
22894,Legion
333339,Ready Player One
8128,The Sorcerer's Apprentice
335988,Transformers: The Last Knight
330457,Frozen II
760161,Orphan: First Kill
38358,The Last Exorcism
11593,Nobody's Fool
2046,The Gift
82693,Silver Linings Playbook
82507,Sinister
20321,Doctor Sleep
446807,The Girl in the Spider's Web
80585,Rock of Ages
184345,A Haunted House 2
76726,Chronicle
62764,Mirror Mirror
50647,Wanderlust
522938,Rambo: Last Blood
399579,Alita: Battle Angel
136797,Need for Speed
17578,The Adventures of Tintin
86834,Noah
10316,The Ides of March
44408,Carnage
46901,Life of the Party
245891,John Wick
238615,Self/less
420814,Christopher Robin
9529,Candyman
1089,Point Break
152532,Dallas Buyers Club
49494,The Eagle
12819,Alpha and Omega
68906,The Great Wall
503314,Dragon Ball Super: Broly
23168,The Town
14615,Fury
693961,Spencer
504,Monster
417678,"Everything, Everything"
458423,Mamma Mia! Here We Go Again
325133,Neighbors 2: Sorority Rising
66586,The Visit
464502,Acrimony
15739,Annie
257211,The Intern
146238,Runner Runner
17529,True Grit
345940,The Meg
423125,The Menu
209746,Fist Fight
410445,Pearl
17720,Dunkirk
59437,Beautiful Boy
81481,Silenced
535292,21 Bridges
164835,"As Above, So Below"
585245,Clifford the Big Red Dog
446021,Bad Times at the El Royale
83899,You're Next
550988,Free Guy
873,The Color Purple
467244,The Zone of Interest
72431,Red Tails
49527,Man on a Ledge
616820,Halloween Ends
49526,Premium Rush
4176,Murder on the Orient Express
448119,Dolittle
316152,Free State of Jones
152737,August: Osage County
25224,Masterminds
501907,A Beautiful Day in the Neighborhood
117263,Olympus Has Fallen
205596,The Imitation Game
451048,Jungle Cruise
38356,Transformers: Dark of the Moon
9587,Little Women
39486,Secretariat
299245,The Gallows
60599,Arbitrage
19901,Daybreakers
271718,Trainwreck
152760,The Monuments Men
758866,Drive My Car
55301,Alvin and the Chipmunks: Chipwrecked
23073,Turbo
36733,The Accountant
99,All About My Mother
21736,Everest
66125,Red Dog
13730,Black Box
417384,Scary Stories to Tell in the Dark
614917,King Richard
474335,Uncle Drew
449924,Ip Man 4: The Finale
629234,Poor Things
233786,Black and Blue
929,Godzilla
169881,The Physician
228205,The Longest Ride
9320,The Avengers
50646,"Crazy, Stupid, Love."
38167,Eat Pray Love
13396,The Snowman
402897,The Death of Stalin
205948,War Dogs
82633,Lawless
310307,The Founder
3111,A Star Is Born
323675,Ride Along 2
564,The Mummy
460668,I Feel Pretty
284296,Top Five
634429,Shin Ultraman
60307,Diary of a Wimpy Kid: Rodrick Rules
490003,Won't You Be My Neighbor?
58244,Upside Down
68726,Pacific Rim
66060,Vacation
82682,Gangster Squad
200727,"Love, Rosie"
67660,Think Like a Man
449176,"Love, Simon"
320493,The Favourite
588228,The Tomorrow War
55253,The Machine
57158,The Hobbit: The Desolation of Smaug
49022,Something Borrowed
348892,Bajrangi Bhaijaan
14198,Criminal
26598,Cats
4232,Scream
58396,Joy
15600,Missing
193893,Let's Be Cops
166426,Pirates of the Caribbean: Dead Men Tell No Tales
184098,Think Like a Man Too
158852,Tomorrowland
38319,Your Highness
181533,Night at the Museum: Secret of the Tomb
227783,The Nut Job
11970,Hercules
137094,Jack Ryan: Shadow Recruit
334543,Lion
453395,Doctor Strange in the Multiverse of Madness
51739,The Secret World of Arrietty
10144,The Little Mermaid
140823,Saving Mr. Banks
275601,Ricki and the Flash
335796,Ouija: Origin of Evil
23169,Remember Me
42722,The Nun
515042,Free Solo
508763,A Dog's Way Home
57165,Wrath of the Titans
9537,The Call
228203,"McFarland, USA"
335777,The Nut Job 2: Nutty by Nature
10323,Clash of the Titans
798286,Beau Is Afraid
10780,Overboard
25571,Drive
232842,The Flash
143470,Ouija
5548,RoboCop
238603,Earth to Echo
248731,The Outlaws
299536,Avengers: Infinity War
68737,Seventh Son
438808,White Boy Rick
38321,Priest
339877,Loving Vincent
578701,Those Who Wish Me Dead
86837,Amour
306139,Respect
45486,Anna
145220,Muppets Most Wanted
10447,No Escape
72559,G.I. Joe: Retaliation
207703,Kingsman: The Secret Service
80321,Madagascar 3: Europe's Most Wanted
814757,Empire of Light
88794,J. Edgar
432527,Padmaavat
70981,Prometheus
437557,Blockers
402529,All Eyez on Me
427902,365 Days
51540,Horrible Bosses
15839,The Judge
38579,Marmaduke
373569,Snatched
901362,Trolls Band Together
157336,Interstellar
16994,Grown Ups
556694,Three Thousand Years of Longing
274167,Daddy's Home
282731,Pandora
749274,Cry Macho
291805,Now You See Me 2
339397,Café Society
399566,Godzilla vs. Kong
37710,The Tourist
67022,Quartet
283445,Sinister 2
70435,Haywire
10908,Inferno
4412,Les Misérables
88042,Parental Guidance
77931,The Smurfs 2
258509,Alvin and the Chipmunks: The Road Chip
337339,The Fate of the Furious
396042,Long Shot
37724,Skyfall
346648,Paddington 2
293767,Billy Lynn's Long Halftime Walk
545611,Everything Everywhere All at Once
453201,The 15:17 to Paris
677179,Creed III
338952,Fantastic Beasts: The Crimes of Grindelwald
95700,Sicario
76649,Pompeii
75174,The Grey
50122,The Vault
287947,Shazam!
97630,Zero Dark Thirty
49040,The Bourne Legacy
188222,Entourage
227973,The Peanuts Movie
63311,The Skin I Live In
256917,The Water Diviner
65101,Soul
527776,Overcomer
387592,Early Man
254904,The November Man
242828,When Marnie Was There
2017,No Good Deed
324668,Jason Bourne
152601,Her
345920,Collateral Beauty
39356,Boy
1725,West Side Story
60308,Moneyball
359940,"Three Billboards Outside Ebbing, Missouri"
346672,Underworld: Blood Wars
35263,The Farewell
854239,Till
172265,The Mule
77877,The Lucky One
44603,Hereafter
71679,Resident Evil: Retribution
136799,Trolls
59015,Lights Out
39451,Little Fockers
553604,Honest Thief
20504,The Book of Eli
522627,The Gentlemen
99861,Avengers: Age of Ultron
211672,Minions
577922,Tenet
209112,Batman v Superman: Dawn of Justice
215976,Reminiscence
13944,Passengers
293863,The Age of Adaline
44010,Logan
200544,Strange World
937278,A Man Called Otto
84175,Beasts of the Southern Wild
35690,The Last Song
188927,Star Trek Beyond
493529,Dungeons & Dragons: Honor Among Thieves
37056,Letters to Juliet
147441,Exodus: Gods and Kings
565770,Blue Beetle
7180,Risen
48171,The Rite
23022,Jigsaw
314365,Spotlight
141883,The Beasts
277639,Wonder
258230,A Monster Calls
37627,The Little Prince
117251,White House Down
101140,Perfect Days
203833,The Book Thief
22744,Jane Eyre
526050,Little
416144,Hotel Mumbai
77174,ParaNorman
302699,Central Intelligence
159824,Hotel Transylvania 2
8967,The Tree of Life
277685,Unfriended
695721,The Hunger Games: The Ballad of Songbirds & Snakes
72545,Journey 2: The Mysterious Island
10787,The Invisible Man
62213,Dark Shadows
25991,Amsterdam
341013,Atomic Blonde
645788,The Protégé
82702,How to Train Your Dragon 2
52265,Barbarian
284674,Air
8688,Snake Eyes
47964,A Good Day to Die Hard
423899,Victoria & Abdul
1091,The Thing
227159,Horrible Bosses 2
87827,Life of Pi
209451,Jersey Boys
524369,The Many Saints of Newark
187017,22 Jump Street
122917,The Hobbit: The Battle of the Five Armies
44977,Dhoom 3
84892,The Perks of Being a Wallflower
254473,Brick Mansions
74465,We Bought a Zoo
52782,Downhill
8913,Pet Sematary
299534,Avengers: Endgame
308531,Teenage Mutant Ninja Turtles: Out of the Shadows
179144,The Great Beauty
51876,Limitless
407676,Onward
44896,Rango
416477,The Big Sick
301337,Downsizing
193050,Suicide Squad
502356,The Super Mario Bros. Movie
524047,Greenland
804095,The Fabelmans
95610,Bridget Jones's Baby
19345,Black Widow
107178,Jackie
487558,BlacKkKlansman
38050,The Adjustment Bureau
507086,Jurassic World Dominion
11797,Fright Night
59962,This Means War
212778,Chef
24749,Iceman
28513,Killers
30129,Faster
359724,Ford v Ferrari
1635,The Island
375009,The Post
400617,Phantom Thread
994108,All of Us Strangers
241554,Run All Night
592350,My Hero Academia: Heroes Rising
188207,The Legend of Hercules
347126,God's Not Dead 2
227156,The Giver
272693,The DUFF
124524,When the Bough Breaks
447693,Operation Mincemeat
37645,22 Bullets
364689,Ferdinand
149870,The Wind Rises
507089,Five Nights at Freddy's
515001,Jojo Rabbit
412656,Chaos Walking
87826,Here Comes the Boom
167073,Brooklyn
351286,Jurassic World: Fallen Kingdom
50359,Hop
31334,47 Ronin
280092,Insidious: Chapter 3
383498,Deadpool 2
87101,Terminator Genisys
792293,Dumb Money
47961,Peppermint
644583,The Mauritanian
134411,Snitch
249070,Hitman: Agent 47
177572,Big Hero 6
335984,Blade Runner 2049
82687,The Guilt Trip
52505,The Other Woman
91314,Transformers: Age of Extinction
257444,The Boy
550205,Wish Dragon
861,Total Recall
26022,My Name Is Khan
223702,Sausage Party
23742,Cop Out
423204,Angel Has Fallen
124459,The Incredible Burt Wonderstone
674324,The Banshees of Inisherin
893723,PAW Patrol: The Mighty Movie
49444,Kung Fu Panda 2
81022,Widows
18248,The Foreigner
77338,The Intouchables
293646,The 33
21544,Hope Springs
11439,The Ghost Writer
2926,The Three Musketeers
105864,The Good Dinosaur
522518,A Dog's Journey
434555,The Possession of Hannah Grace
754609,Mrs. Harris Goes to Paris
120862,The Animal Kingdom
673309,American Underdog
44560,Aftershock
77459,A Monster in Paris
400535,Sicario: Day of the Soldado
6934,Yesterday
20289,Rush
49529,John Carter
301528,Toy Story 4
313297,Kubo and the Two Strings
47933,Independence Day: Resurgence
656663,Jackass Forever
39436,Sleepless
186477,Shotgun Wedding
259693,The Conjuring 2
491418,Instant Family
394741,Stan & Ollie
11444,The Closet
11324,Shutter Island
12201,Edge of Darkness
337404,Cruella
639721,The Addams Family 2
7978,The Wolfman
141052,Justice League
205584,Gods of Egypt
100241,"I, Frankenstein"
28123,Safe House
372717,Book Club
166428,How to Train Your Dragon: The Hidden World
9700,The Lost City
278858,Rocketman
305052,The Little Things
50022,Super Troopers 2
36960,Memory
719256,Jesus Revolution
280996,Mr. Holmes
57800,Ice Age: Continental Drift
19507,Neighbors
79110,Puss in Boots
579974,RRR
19658,Race
42536,Napoleon
42759,The Call of the Wild
160066,Marry Me
968051,The Nun II
299537,Captain Marvel
820446,Downton Abbey: A New Era
53718,That's My Boy
64685,Extremely Loud & Incredibly Close
11859,Fair Game
787699,Wonka
426563,Holmes & Watson
295693,The Boss Baby
7871,Side Effects
140300,Kung Fu Panda 3
64688,21 Jump Street
126215,The Dark Tower
259694,How to Be Single
506528,Harriet
522016,The 355
404368,Ralph Breaks the Internet
222935,The Fault in Our Stars
313369,La La Land
158445,Miracle in Cell No. 7
37686,Super 8
390043,The Hitman's Bodyguard
36276,The Green Hornet
411088,The Invisible Guest
139038,A Haunted House
146198,Triple 9
449443,Den of Thieves
288158,The Woman in Black 2: Angel of Death
216015,Fifty Shades of Grey
328210,No Hard Feelings
282631,The Admiral: Roaring Currents
92407,Ticket to Paradise
208134,Jackass Presents: Bad Grandpa
906221,Magic Mike's Last Dance
38843,Ramona and Beezus
315162,Puss in Boots: The Last Wish
11360,Dumbo
338970,Tomb Raider
168672,American Hustle
239563,St. Vincent
102651,Maleficent
9828,Unknown
136400,2 Guns
304357,Woman in Gold
32856,Valentine's Day
71801,X
76494,What to Expect When You're Expecting
72331,Abraham Lincoln: Vampire Hunter
71321,Only the Brave
53182,300: Rise of an Empire
235,Stand by Me
35169,Furry Vengeance
292011,Richard Jewell
872585,Oppenheimer
930564,Saltburn
279110,Master
823452,The Boys in the Boat
701108,Hunt
372535,Fences
256836,Next Goal Wins
306819,The Danish Girl
100042,Dumb and Dumber To
610253,Halloween Kills
54054,One for the Money
400155,Hotel Transylvania 3: Summer Vacation
447081,After Everything
536437,Hypnotic
71552,American Reunion
40807,50/50
12092,Alice in Wonderland
340176,Tag
454640,The Angry Birds Movie 2
33909,Wall Street: Money Never Sleeps
82675,Taken 2
47610,Gravity
536554,M3GAN
48686,Assassination
137093,Last Vegas
249277,Wish
10191,How to Train Your Dragon
59968,Our Idiot Brother
76492,Hotel Transylvania
260346,Taken 3
522924,The Art of Racing in the Rain
271110,Captain America: Civil War
62211,Monsters University
4971,Lucy
508883,The Boy and the Heron
521029,Annabelle Comes Home
646207,The Ice Road
1970,The Grudge
136921,Pixels
287948,The Transporter Refueled
675353,Sonic the Hedgehog 2
146239,Delivery Man
55779,Final Destination 5
220559,Searching
109414,This Is the End
198382,Missing Link
338766,Hell or High Water
463272,Johnny English Strikes Again
44328,The Mermaid
201085,Crimson Peak
68730,Silence
1020006,Priscilla
2430,The Choice
481638,Knives Out
71864,The Odd Life of Timothy Green
535167,The Wandering Earth
137321,Winter's Tale
85350,Boyhood
10138,Iron Man 2
385687,Fast X
58574,Sherlock Holmes: A Game of Shadows
13560,Max
87421,Riddick
37958,Immortals
991814,Re/Member
32823,Get Him to the Greek
82700,After Earth
226486,Tammy
261151,The Last Duel
68727,Trance
487297,What Men Want
210577,Gone Girl
83542,Cloud Atlas
26015,Don't Be Afraid of the Dark
302401,Snowden
283366,Miss Peregrine's Home for Peculiar Children
299687,The 5th Wave
293135,Migration
644495,House of Gucci
32657,Percy Jackson & the Olympians: The Lightning Thief
50348,The Lincoln Lawyer
27576,Salt
38303,You Again
356305,Why Him?
758330,"Good Luck to You, Leo Grande"
77930,Magic Mike
62837,Dolphin Tale
33911,Savages
235260,Son of God
568124,Encanto
396371,Molly's Game
232672,Blended
35056,Date Night
44564,The Dilemma
46879,Spectre
399055,The Shape of Water
14464,Hot Pursuit
41248,The Girl on the Train
17288,Rampage
34813,The Losers
270940,Ad Astra
530915,1917
353616,Pitch Perfect 3
555285,"Are You There God? It's Me, Margaret."
13939,Death Wish
41216,Legend of the Guardians: The Owls of Ga'Hoole
332210,Storks
36465,Into the Storm
250546,Annabelle
6535,Talk to Me
380144,The Creator
86680,The Unholy
503616,Second Act
60304,Hansel & Gretel: Witch Hunters
70868,I Don't Know How She Does It
378236,The Emoji Movie
48988,Hall Pass
1880,Red Dawn
23629,Sucker Punch
518896,Warriors of Future
293167,Kong: Skull Island
170687,The Boxtrolls
122906,About Time
72190,World War Z
440472,The Upside
228165,The SpongeBob Movie: Sponge Out of Water
316727,The Purge: Election Year
965150,Aftersun
45890,Moana
11096,Hide and Seek
431693,Spies in Disguise
33217,Diary of a Wimpy Kid
227430,Split
82654,Warm Bodies
458576,Monster Hunter
49013,Cars 2
9312,Mortal Kombat
338762,Bloodshot
127380,Finding Dory
8587,The Lion King
198663,The Maze Runner
37774,The Last Tycoon
643215,Asterix & Obelix: The Middle Kingdom
431530,A Bad Moms Christmas
926393,The Equalizer 3
57201,The Lone Ranger
609681,The Marvels
72571,Paranormal Activity 3
44833,Battleship
542178,The French Dispatch
62835,Colombiana
9323,Ghost in the Shell
337167,Fifty Shades Freed
417830,Diary of a Wimpy Kid: The Long Haul
227306,Unbroken
473033,Uncut Gems
286217,The Martian
64689,Killing Them Softly
61789,The Hunt
296098,Bridge of Spies
44115,127 Hours
109428,Evil Dead
59436,Midnight in Paris
339380,On the Basis of Sex
276905,Norm of the North
454626,Sonic the Hedgehog
64807,Grudge Match
279641,Whiskey Tango Foxtrot
153518,The Angry Birds Movie
533514,Violet Evergarden: The Movie
146170,Black Mass
829051,About My Father
381289,A Dog's Purpose
194662,Birdman or (The Unexpected Virtue of Ignorance)
424694,Bohemian Rhapsody
26388,Buried
228970,Wild
463257,The Peanut Butter Falcon
446893,Trolls World Tour
297222,PK
168259,Furious 7
290098,The Handmaiden
424783,Bumblebee
476669,The King's Man
76341,Mad Max: Fury Road
232572,A Walk in the Woods
54116,Unhinged
172385,Rio 2
374379,Underwater
619730,Don't Worry Darling
339964,Valerian and the City of a Thousand Planets
225886,Sex Tape
324786,Hacksaw Ridge
567797,The Dry
479,Shaft
1771,Captain America: The First Avenger
121856,Assassin's Creed
399404,Darkest Hour
273248,The Hateful Eight
439015,Slender Man
289222,The Zookeeper's Wife
7340,Carrie
41402,Let Me In
64328,The Muppets
431259,Escape Room
38745,Gulliver's Travels
351211,Blair Witch
76285,Percy Jackson: Sea of Monsters
340102,The New Mutants
76487,The Devil Inside
281109,My Spy
585244,I Still Believe
5796,After Death
287100,Don't Breathe
15162,Alice Through the Looking Glass
52779,Glass
1424,November
934433,Scream VI
429351,12 Strong
65584,Aquaman
223902,Isle of Dogs
55787,Water for Elephants
400157,Wonder Park
527641,Five Feet Apart
126963,Dragon Ball Z: Battle of Gods
